date,locality,state,resolved_locality,resolved_state,resolved_county,fips_code,lat,lon,location,title,event_type,organizations,participants,notables,targets,claims_summary,claims_verbatim,issue_tags_summary,issue_tags_verbatim,issues,valence,conf,macroevent,online,size_text,size_low,size_high,size_mean,size_cat,participant_measures,police_measures,participant_injuries,police_injuries,arrests,property_damage,arrests_any,participant_casualties_any,police_casualties_any,property_damage_any,participant_deaths,police_deaths,notes,coder,source1,source2,source3,source4,source5,source6,source7,source8,source9,source10,source11,source12,source13,source14,source15,source16,source17,source18,source19,source20,source21,source22,source23,source24,source25,source26,source27,source28,source29,source30,participants_numeric,claims_summary_norm,claims_summary_clean,trump_stance,pos_phrase_matches,neg_phrase_matches,pos_keyword_matches,neg_keyword_matches,no_participant_injuries,no_police_injuries,no_arrests,no_property_damage,no_participant_casualties,no_police_casualties,no_participant_deaths,no_police_deaths
2025-01-15,Washington,DC,Washington,DC,District of Columbia,11001.0,38.9071923,-77.0368707,U.S. Capitol,"Oil CEOs Profit, LA Burns",rally; civil disobedience,sunrise movement; shut down dc,,,donald trump; liberty energy ceo chris wright,against donald trump's nomination of liberty energy oil executive chris wright for u.s. secretary of energy; for climate action,reject chris wright; big oil profits / la burns; i won't let my future burn,energy; environment; war and peace; presidency,energy; war and peace,energy;environment;presidency;war and peace,1.0,1.0,,0,count video,30.0,35.0,32.0,1,rallied outside capitol ahead of confirmation hearing; some protesters disrupted confirmation hearing with shouting and signs five times,on scene; removed protesters from hearing room,0.0,0.0,10.0,0.0,1,0,0,0,0.0,0.0,,JU,www.instagram.com,www.instagram.com,www.instagram.com,www.instagram.com,www.commondreams.org,www.instagram.com,,,,,,,,,,,,,,,,,,,,,,,,,32.0,against donald trump's nomination of liberty energy oil executive chris wright for u.s. secretary of energy; for climate action,against trump nomination liberty energy oil executive chris wright for secretary energy for climate action,Against,0,1,0,1,True,True,False,True,True,True,True,True
2025-01-21,Portland,OR,Portland,OR,Multnomah County,41051.0,45.515232,-122.6783853,Battleship Oregon Memorial,The People's Inauguration Day,rally; march,american party of labor pnw; bayan oregon; clown bloc pdx; communist party usa; freedom road socialist organization; healthcare workers 4 palestine pdx; international coalition for human rights in the philippines - portland; international league of peoples' struggles; international migrants alliance; international women's alliance; jewish voice for peace; kalikasan solidarity organization; letters for palestine; resist u.s.-led war pdx; workers world party,,,,against inauguration of donald trump as u.s. president; against fascism; for health care; for housing; for education; against war; against repression; against genocide,"philippines flag; u.s. out of the philippines; let gaza live; we need health, housing, education; defend migrant rights; defend filipino migrants; upside-down american flag; trump [donald trump with devil's horns]; netanyahu [benjamin netanyahu with devil's horns]; marcos [bongbong marcos with devil's horns]; u.s. imperialists / #1 terrorists; hate doesn't equal great; our government our choice",democracy; education; healthcare; housing; war and peace; presidency,education; foreign affairs; healthcare; housing; immigration; war and peace; presidency; racism,democracy;education;foreign affairs;healthcare;housing;immigration;presidency;racism;war and peace,1.0,1.0,,0,over 600,600.0,600.0,600.0,2,"megaphone; lead organizers decided not to march, but some rally participants chose to march autonomously, and some participants in that march tagged things along the way",on scene; bicycles; swarmed and arrested participants in march,0.0,0.0,5.0,0.0,1,0,0,1,0.0,0.0,,JU; ML,www.instagram.com,x.com,x.com,x.com,www.instagram.com,www.portlandtribune.com,www.kgw.com,www.kgw.com,www.oregonlive.com,,,,,,,,,,,,,,,,,,,,,,600.0,against inauguration of donald trump as u.s. president; against fascism; for health care; for housing; for education; against war; against repression; against genocide,against inauguration trump president against fascism for health care for housing for education against war against repression against genocide,Against,0,1,0,6,True,True,False,False,True,True,True,True
2025-02-03,New York,NY,New York,NY,,36061.0,40.7127753,-74.0059728,"St. Vartan Park, Manhattan",Rally to Protect Trans Kids,rally,nyc dsa; nyu ydsa; jews for racial & economic justice; nyu sds; act up; contract faculty united; queer union; gemstones; brown sugar brilliance; uaw,elected officials,Qween Jean; Cynthia Nixon; City Council member Tiffany Caban,nyu langone hospital,against nyu langone hospital's compliance with president trump's executive order banning gender-affirming health care for transgender youth,"trans pride flag; trans! power! trans! power!; we're asking for the right to be alive!; gender-affirming care is life-saving care; feel the urgency / break the silence; we see trans lives in danger; labor defend women's, gay, lesbian, and trans rights; defend trans rights; what about your hippocratic oath? protect trans kids; protect trans futures; rainbow pride flag; shame on you nyu / first do no harm to trans kids; fuck trump; palestine flag; lebanon flag; progress pride flag; practice medicine not capitulation; trans rights are human rights; witholding healthcare kills; disrupt. disobey.; nyu shame on you!; when trans kids are under attack what do we do! stand up fight back!; queer rebellion; let trans kids live; our body our choice; we will not be erased",healthcare; lgbtqia; war and peace; presidency; women's rights,foreign affairs; healthcare; labor and workers rights; lgbtqia; war and peace; presidency; women's rights,foreign affairs;healthcare;labor and workers rights;lgbtqia;presidency;war and peace;women's rights,1.0,1.0,20250203-nycnyu-transhealth,0,"over 1,000; 1,000+",1000.0,1000.0,1000.0,3,amplified sound; heckled counter-protesters,on scene; barricades,0.0,0.0,1.0,0.0,1,0,0,0,0.0,0.0,,JU,www.instagram.com,x.com,www.instagram.com,www.instagram.com,x.com,x.com,x.com,x.com,www.instagram.com,,,,,,,,,,,,,,,,,,,,,,1000.0,against nyu langone hospital's compliance with president trump's executive order banning gender-affirming health care for transgender youth,against nyu langone hospital compliance trump executive order ban gender-affirme health care for transgender youth,Against,0,0,0,1,True,True,False,True,True,True,True,True
2025-02-04,Glendale,AZ,Glendale,AZ,Maricopa County,4013.0,33.538652,-112.185987,Westgate Entertainment District,,rally,,,,president trump,against president trump; against ice raids and immigrant deportations,fuck trump; my people aren't criminals / trump is; mexico flag; usa flag; immigrants made america,immigration; war and peace; presidency,foreign affairs; immigration; war and peace; patriotism; presidency,foreign affairs;immigration;patriotism;presidency;war and peace,1.0,1.0,,0,over 100; hundreds,200.0,200.0,200.0,2,marched through streets,on scene; released 'chemical agent' to disperse the crowd,0.0,0.0,1.0,0.0,1,0,0,0,0.0,0.0,participant arrested for alleged criminal traffic violation,ML,www.azcentral.com,,,,,,,,,,,,,,,,,,,,,,,,,,,,,,200.0,against president trump; against ice raids and immigrant deportations,against trump against ice raid immigrant deportation,Against,0,2,0,2,True,True,False,True,True,True,True,True
2025-02-05,Des Moines,IA,Des Moines,IA,Polk County,19153.0,41.586835,-93.624959,Iowa State Capitol,,rally,50501 movement,,,president trump; elon musk,against president trump; against project 2025,stop the coup; disarm hate; trans lives matter; musk hands off our $$$; impeach trump 3x a charm; liberty and justice for all; no elon musk; musk must go,democracy; war and peace; presidency,democracy; lgbtqia; war and peace; presidency; racism,democracy;lgbtqia;presidency;racism;war and peace,1.0,1.0,,0,hundreds,200.0,200.0,200.0,2,,on scene,0.0,0.0,3.0,0.0,1,0,0,0,0.0,0.0,,SH; ML,events.pol-rev.com,www.desmoinesregister.com,www.desmoinesregister.com,www.desmoinesregister.com,www.kcrg.com,www.kcci.com,,,,,,,,,,,,,,,,,,,,,,,,,200.0,against president trump; against project 2025,against trump against project,Against,0,2,0,2,True,True,False,True,True,True,True,True
2025-02-06,Washington,DC,Washington,DC,District of Columbia,11001.0,38.9071923,-77.0368707,U.S. Department of State,Rally for AIDS Relief,rally; march; civil disobedience,act up; health gap; housing works; treatment action group,,,,against president trump's attacks on usaid and president's emergency plan for aids relief; for u.s. aid for aids relief,trump & rubio hands of pepfar; rubio: killing people with aids worldwide; what oversight?; restore pepfar; hands off pepfar! hands off pepfar!; trump's aids cuts kill; trump & rubio killing people with aids worldwide,healthcare; war and peace; presidency,healthcare; war and peace; presidency,healthcare;presidency;war and peace,0.0,1.0,,0,dozens,24.0,24.0,24.0,1,some demonstrators sat in roadway with signs and refused police instructions to move,on scene; bicycles; carried some demonstrators out of roadway,0.0,0.0,0.0,0.0,1,0,0,0,0.0,0.0,,JU,www.instagram.com,www.instagram.com,www.instagram.com,www.instagram.com,,,,,,,,,,,,,,,,,,,,,,,,,,,24.0,against president trump's attacks on usaid and president's emergency plan for aids relief; for u.s. aid for aids relief,against trump attack usaid president emergency plan for aids relief for aid for aids relief,Against,0,1,0,1,True,True,False,True,True,True,True,True
2025-02-07,Los Angeles,CA,Los Angeles,CA,Los Angeles County,6037.0,34.052234,-118.243685,1st St & Soto St; Los Angeles City Hall,Defeat Donald Trump,rally; march,bamn,,,president trump,against president trump; against ice raids and immigrant deportations,,immigration; war and peace; presidency,,immigration;presidency;war and peace,1.0,1.0,,0,,,,,0,,,1.0,0.0,1.0,0.0,1,1,0,0,0.0,0.0,news reproted a stabbing of a 17-year-old participant by a person wasn't a part of the demonstration; as of 2/12 police arrested a 14-year old boy for the stabbing and have charged him with attempted murder,JU; SH; ML,www.instagram.com,www.foxla.com,www.foxla.com,abc7.com,www.cbsnews.com,www.foxla.com,,,,,,,,,,,,,,,,,,,,,,,,,,against president trump; against ice raids and immigrant deportations,against trump against ice raid immigrant deportation,Against,0,2,0,2,False,True,False,True,False,True,True,True
2025-02-17,Farmington,NM,Farmington,NM,San Juan County,35045.0,36.728058,-108.218686,1206 East 20th Street,Protest to Save Our Democracy,demonstration,50501 movement; indivisible san juan,,,president trump; elon musk,against president trump's abuse of power; against elon musk; for democracy; for civil rights; against project 2025,,civil rights; democracy; war and peace; presidency,,civil rights;democracy;presidency;war and peace,1.0,,,0,,,,,0,,,0.0,0.0,0.0,0.0,0,1,0,0,0.0,0.0,,SH,events.pol-rev.com,,,,,,,,,,,,,,,,,,,,,,,,,,,,,,,against president trump's abuse of power; against elon musk; for democracy; for civil rights; against project 2025,against trump abuse power against elon musk for democracy for civil right against project,Against,0,3,0,3,True,True,True,True,False,True,True,True
2025-02-17,Salt Lake City,UT,Salt Lake City,UT,Salt Lake County,49035.0,40.7607793,-111.8910474,Utah State Capitol,,demonstration,50501 moverment,,,president trump,against the trump administration's abuse of power,usa flag; trans pride flag; rainbow pride flag; please keep caring; trump is not my president; got to go fascism has got to go; punching nazis is always cool; what is that god-awful wet doge smell,war and peace; presidency,democracy; lgbtqia; war and peace; patriotism; presidency; religion,democracy;lgbtqia;patriotism;presidency;religion;war and peace,1.0,1.0,20250217-slc-trump,0,hundreds,200.0,200.0,200.0,2,,on scene,4.0,0.0,0.0,0.0,0,1,0,0,0.0,0.0,,AB; ML,www.fox13now.com,www.ksl.com,www.ksl.com,,,,,,,,,,,,,,,,,,,,,,,,,,,,200.0,against the trump administration's abuse of power,against trump abuse power,Against,0,1,0,1,False,True,True,True,False,True,True,True
2025-02-17,Salt Lake City,UT,Salt Lake City,UT,Salt Lake County,49035.0,40.7607793,-111.8910474,Utah State Capitol,,counter-protest,,,,,against anti-trump protest,,war and peace; presidency,,presidency;war and peace,2.0,1.0,20250217-slc-trump,0,a,1.0,1.0,1.0,1,deployed pepper spray on at least 4 anti-Trump protesters; allegedly punched 1 man in the face; allegedly threw a beer can at protesters,on scene,0.0,0.0,1.0,0.0,1,0,0,0,0.0,0.0,Michael J. Christensen was booked for investigation,ML,www.ksl.com,,,,,,,,,,,,,,,,,,,,,,,,,,,,,,1.0,against anti-trump protest,against anti-trump protest,Against,0,0,0,2,True,True,False,True,True,True,True,True
2025-02-18,Huntington Beach,CA,Huntington Beach,CA,Orange County,6059.0,33.659484,-117.998803,Huntington Beach City Hall,,protest,,,,city council; donald trump,against huntington beach city council displaying a maga plaque at a public library; against donald trump; against racism,i will now engage in the time honored american tradition of peaceful civil disobedience,environment; war and peace; presidency; racism,war and peace,environment;presidency;racism;war and peace,1.0,1.0,,0,1.0,1.0,1.0,1.0,1,,on scene; arrested protester,0.0,0.0,1.0,0.0,1,0,0,0,0.0,0.0,arrested protester was ex-NFL Vikings punter Chris Kluwe,ML,nypost.com,kstp.com,www.nbcsports.com,www.usatoday.com,thehill.com,,,,,,,,,,,,,,,,,,,,,,,,,,1.0,against huntington beach city council displaying a maga plaque at a public library; against donald trump; against racism,against huntington beach city council display maga plaque public library against trump against racism,Against,0,1,1,3,True,True,False,True,True,True,True,True
2025-02-19,Huntington Beach,CA,Huntington Beach,CA,Orange County,6059.0,33.659484,-117.998803,"City Council Chambers, 2000 Main Street",,civil disobedience,none,,,,against city council hanging sign with maga acronym; against maga movement; against trump,,war and peace; presidency,,presidency;war and peace,0.0,1.0,,0,count video,1.0,1.0,1.0,1,moved to restricted area of council chamber,,0.0,0.0,1.0,0.0,1,0,0,0,0.0,0.0,,JP,www.nbcsports.com,x.com,,,,,,,,,,,,,,,,,,,,,,,,,,,,,1.0,against city council hanging sign with maga acronym; against maga movement; against trump,against city council hang sign maga acronym against maga movement against trump,Against,0,1,2,3,True,True,False,True,True,True,True,True
2025-02-20,Los Angeles,CA,Los Angeles,CA,Los Angeles County,6037.0,34.052234,-118.243685,Garfield High School; Torres High School; Mariachi Plaza,,march,centro cso; seiu 721,LAUSD students,,president trump,against immigrants' deportation and family separation; against ice raids; against the trump adminstration's racist policies,stop donald trump!; raza si! migra no!; stop trump,immigration; war and peace; presidency; racism,immigration; war and peace; presidency,immigration;presidency;racism;war and peace,1.0,1.0,,0,,,,,0,walkout from 6 high schools then march to Mariachi Plaza; safety monitors formed a line in front of the police,"on scene; several LAPD police officers attempted to enter the plaza, but were met by safety monitors asking police not to enter; one officer reportedly aggressively pushed and knocked down a union organizer; called for backup until over 20 police arrived, many wearing helmets and batons",1.0,0.0,0.0,0.0,0,1,0,0,0.0,0.0,,SH,fightbacknews.org,,,,,,,,,,,,,,,,,,,,,,,,,,,,,,,against immigrants' deportation and family separation; against ice raids; against the trump administration's racist policies,against immigrant deportation family separation against ice raid against trump racist policy,Against,0,2,0,3,False,True,True,True,False,True,True,True
2025-02-26,Washington,DC,Washington,DC,District of Columbia,11001.0,38.9071923,-77.0368707,Cannon House Office,,protest; demonstration,,federal employees,,president trump,against president trump's recent mass firings of federal employees; against cuts to usaid,trump and rubio killing people with aids worldwide; stop the deadly global aid freeze; aids funding cuts kill,labor and workers rights; war and peace; presidency,healthcare; war and peace; presidency,healthcare;labor and workers rights;presidency;war and peace,1.0,1.0,,0,count pic,25.0,35.0,30.0,1,die-in,on scene,0.0,0.0,21.0,0.0,1,0,0,0,0.0,0.0,,ML,www.upi.com,,,,,,,,,,,,,,,,,,,,,,,,,,,,,,30.0,against president trump's recent mass firings of federal employees; against cuts to usaid,against trump recent mass firing federal employee against cut usaid,Against,0,2,0,2,True,True,False,True,True,True,True,True
2025-03-01,New York,NY,New York,NY,,36061.0,40.7127753,-74.0059728,"Tesla Dealer,  860 Washington St, Manhattan",Pull Plug on Elon Musk,protest; civil disobedience,rise and resist; indivisible,,,tesla; elon musk,against musk; against trump; against doge,usa flag; fuck elon; no oligarchs; no elon; musk is a douche; don‚äôt buy a swasticar; nazi; no dictators in the usa; musk is out of control; fuck maga; no more business as usual!; stop the coup!; nobody voted for elon musk!; musk is stealing from you; boycott tesla; nazi punk fuck off [elon musk raising his arm]; this is the immigrant who took your job [ elon musk raising his arm]; overthrow the shadow president; pull the plug on musk; this billionaire is detroying our country [elon musk raising his arm]; usa flag; i'm stealing from you [elon musk]; doge is a criminal enterprise; make no mistake this is a coup; presidents are not kinds [donald trump]; resist the musk-trump coup,war and peace; presidency,democracy; economy; immigration; labor and workers rights; war and peace; patriotism; presidency,democracy;economy;immigration;labor and workers rights;patriotism;presidency;war and peace,1.0,1.0,,0,500; around 300; hundreds,200.0,500.0,350.0,2,"carried signs and chanted outside Tesla showroom; , two participants went inside the showroom and refused to leave, while six others sat at the front door and refused to move",,0.0,0.0,9.0,0.0,1,0,0,1,0.0,0.0,"one of the protesters said that a photographer accidentally swung his gear at the glass door, cracking it",JP; SH,bsky.app,www.pilotonline.com,www.amny.com,brooklyneagle.com,,,,,,,,,,,,,,,,,,,,,,,,,,,350.0,against musk; against trump; against doge,against musk against trump against doge,Against,0,2,0,3,True,True,False,False,True,True,True,True
2025-03-01,Reno,NV,Reno,NV,Washoe County,32031.0,39.529919,-119.8142691,"Congressman Mark Amodei‚Äôs office, 5310 Kietzke Lane",,protest,indivisible northern nevada; 3rd act,,,rep. mark amodei; president trump; elon musk,against rep. amodei's refusal to discuss the agenda of president trump and elon musk with his constituents; against president trump's policies; for immigrant rights; for democracy; in solidarity with ukraine,,democracy; foreign affairs; immigration; legislative; war and peace; presidency,,democracy;foreign affairs;immigration;legislative;presidency;war and peace,1.0,1.0,,0,nearly 1400,1400.0,1400.0,1400.0,3,,,0.0,0.0,0.0,0.0,0,1,0,0,0.0,0.0,,SH,www.kolotv.com,,,,,,,,,,,,,,,,,,,,,,,,,,,,,,1400.0,against rep. amodei's refusal to discuss the agenda of president trump and elon musk with his constituents; against president trump's policies; for immigrant rights; for democracy; in solidarity with ukraine,against rep amodeis refusal discuss agenda trump elon musk constituent against trump policy for immigrant right for democracy solidarity ukraine,Against,0,2,1,3,True,True,True,True,False,True,True,True
2025-03-04,Seattle,WA,Seattle,WA,King County,53033.0,47.6061389,-122.3328481,Henry M. Jackson Federal Building,,demonstration,,,,president trump; elon musk,against trump; against elon musk; against doge; for democracy,ukraine flag; usa flag; we stand united; impeach trump / disband doge / revoke all eos / we will fight fascism; this is a coup; trump and musk are gay for putin; trump is a russian asset / ukraine is our real ally,democracy; war and peace; presidency,democracy; foreign affairs; lgbtqia; war and peace; patriotism; presidency,democracy;foreign affairs;lgbtqia;patriotism;presidency;war and peace,1.0,1.0,,0,,,,,0,aplified sounds; vandalized Teslas,,0.0,0.0,0.0,0.0,0,0,0,1,0.0,0.0,,ML,www.fox13seattle.com,,,,,,,,,,,,,,,,,,,,,,,,,,,,,,,against trump; against elon musk; against doge; for democracy,against trump against elon musk against doge for democracy,Against,0,3,0,3,True,True,True,False,True,True,True,True
2025-03-07,North Charleston,SC,North Charleston,SC,Charleston County,45019.0,32.8769132,-80.0113869,"Mellow Mushroom, 4855 Tanger Outlet Blvd",,protest,,,,president trump; elon musk,against the trump administration; against elon musk's involvement in the trump administration; agaisnt the war in ukraine,long live ukraine,foreign affairs; war and peace; presidency,foreign affairs; war and peace,foreign affairs;presidency;war and peace,1.0,1.0,,0,a,1.0,1.0,1.0,1,set fire to multiple Tesla charging ports; accidentally set himself on fire,called to scene,0.0,0.0,0.0,0.0,0,0,0,1,0.0,0.0,"protester fled the scene before police arrived; reports of protester accidentally setting his clothing on fire; unclear if protester was injured; reported $60,000 worth of damage to the charging stations",ML,www.oregonlive.com,,,,,,,,,,,,,,,,,,,,,,,,,,,,,,1.0,against the trump administration; against elon musk's involvement in the trump administration; against the war in ukraine,against trump against elon musk involvement trump against war ukraine,Against,0,1,0,3,True,True,True,False,True,True,True,True
2025-03-08,Concord,MA,Concord,MA,Middlesex County,25017.0,42.460372,-71.348948,Main St & Park St,,demonstration,,,,,for womens rights; against the trump administration,women are not state property; rainbow pride flag; trans pride flag; tariffs are taxes on you; stop project 2025; usa flag; resist; protect our parks,war and peace; presidency; women's rights,democracy; lgbtqia; war and peace; patriotism; taxes; women's rights,democracy;lgbtqia;patriotism;presidency;taxes;war and peace;women's rights,1.0,1.0,,0,hundreds,200.0,200.0,200.0,2,,on scene; came after one protestor was hit by a car,1.0,0.0,0.0,0.0,0,1,0,0,0.0,0.0,,BO,www.concordmonitor.com,,,,,,,,,,,,,,,,,,,,,,,,,,,,,,200.0,for womens rights; against the trump administration,for women right against trump,Against,0,1,0,1,False,True,True,True,False,True,True,True
2025-03-11,New York,NY,New York,NY,,36061.0,40.7127753,-74.0059728,"Washington Square Park, Manhattan; New York City Hall, Manhattan",,demonstration,nyu students for a democratic society; nyu queer union; students for justice in palestine; wagner advocacy political action; jews against zionism; cuny for palestine,students,,new york university; ice; president trump,against detention and deportation of mahmoud khalil; against nyu policies against student protest; against president trump; for free speech; for palestinian liberation,palestine flag; anti-israel is not anti-semitism; free mahmoud khalil now!; no compliance with trump's violence; free mahmoud khalil now; release mahmoud khalil;,civil rights; education; foreign affairs; free speech; immigration; war and peace; presidency,foreign affairs; war and peace; presidency; religion,civil rights;education;foreign affairs;free speech;immigration;presidency;religion;war and peace,1.0,1.0,,0,hundreds,200.0,200.0,200.0,2,,,0.0,0.0,0.0,0.0,1,0,0,0,0.0,0.0,,CS; SH; ML,www.instagram.com,www.nytimes.com,www.fox5ny.com,nyunews.com,,,,,,,,,,,,,,,,,,,,,,,,,,,200.0,against detention and deportation of mahmoud khalil; against nyu policies against student protest; against president trump; for free speech; for palestinian liberation,against detention deportation mahmoud khalil against nyu policy against student protest against trump for free speech for palestinian liberation,Against,0,1,0,4,True,True,False,True,True,True,True,True
2025-03-12,New York,NY,New York,NY,,36061.0,40.7127753,-74.0059728,"Foley Square, Manhattan",All Out for Mahmoud Khalil,demonstration,south asia left,,Actor Susan Sarandon,president trump; ice,against detention and deportation of mahmoud khalil; for free speech; for palestinian liberation; against president trump,palestine flag; ireland flag; free mahmoud; we want justice / you say how; free mahmoud khalil now!; release mahmoud khalil now; ice hands off; then they came for mahmoud; hands off our students; you cannot cover up genocide; free speech / free khalil;,civil rights; foreign affairs; free speech; immigration; war and peace; presidency,civil rights; education; foreign affairs; free speech; immigration; war and peace,civil rights;education;foreign affairs;free speech;immigration;presidency;war and peace,1.0,1.0,,0,hundreds; over 1000; thousands,200.0,2000.0,1100.0,3,demonstrated opposite courthouse holding signs and banners; listened to speeches; drums,on scene; at least one protester arrested,0.0,0.0,1.0,0.0,1,0,0,0,0.0,0.0,,CS; ML,www.instagram.com,apnews.com,www.workers.org,www.fox5ny.com,www.wsws.org,,,,,,,,,,,,,,,,,,,,,,,,,,1100.0,against detention and deportation of mahmoud khalil; for free speech; for palestinian liberation; against president trump,against detention deportation mahmoud khalil for free speech for palestinian liberation against trump,Against,0,1,0,2,True,True,False,True,True,True,True,True
2025-03-12,Washington,DC,Washington,DC,District of Columbia,11001.0,38.9071923,-77.0368707,Columbus Circle; US Capitol; Russell Senate Office Building,Save Our Health Care March,demonstration; civil disobedience,center for popular democracy,,Sen. Bernie Sanders,president trump; elon musk,against cuts to medicaid; for access to healthcare,our healthcare is not for sale; some cuts don't heal,healthcare; war and peace,healthcare; war and peace,healthcare;war and peace,1.0,1.0,,0,more than 1000,1000.0,1000.0,1000.0,3,amplified sound; sit in at Russell Senate Office Building,,0.0,0.0,1.0,0.0,1,0,0,0,0.0,0.0,,ML; AB,wtop.com,www.wcax.com,,,,,,,,,,,,,,,,,,,,,,,,,,,,,1000.0,against cuts to medicaid; for access to healthcare,against cut medicaid for access healthcare,Against,0,2,0,1,True,True,False,True,True,True,True,True
2025-03-12,Washington,DC,Washington,DC,District of Columbia,11001.0,38.9071923,-77.0368707,Senate Building,Women's March,demonstration,women's march; protect democracy,women,,president trump; elon musk,against cuts to medicad; against the trump adminstration's policies,save our medicaid; resist; save our healthcare; we need healthcare not more billionaires!,war and peace; presidency,economy; healthcare; war and peace,economy;healthcare;presidency;war and peace,1.0,1.0,,0,,,,,0,,arrested protesters,0.0,0.0,47.0,0.0,1,0,0,0,0.0,0.0,,CS,www.instagram.com,,,,,,,,,,,,,,,,,,,,,,,,,,,,,,,against cuts to medicad; against the trump administration's policies,against cut medicad against trump policy,Against,0,2,0,2,True,True,False,True,True,True,True,True
2025-03-13,New York,NY,New York,NY,,36061.0,40.7127753,-74.0059728,"725 5th Ave, Manhattan",,demonstration,jewish voice for peace,,,president trump,against us support for israel; for palestinian liberation; against the detention and deportation of mahmoud khalil; against president trump; for democracy,jews say stop arming israel; opposing fascism is a jewish tradition; fight nazis not students!; we want justice you say how! bring mahmoud home now!; free mahmoud / free palestine; not in our name; we will not comply! mahmoud we are by your side!; no muslim ban ever; never again for anyone; jews say do not comply; jews for palestinian freedom,democracy; foreign affairs; immigration; war and peace; presidency,civil rights; democracy; education; foreign affairs; immigration; war and peace; religion,civil rights;democracy;education;foreign affairs;immigration;presidency;religion;war and peace,1.0,1.0,,0,hundreds; about 150,150.0,200.0,175.0,2,demonstrated in Trump Tower with signs and banners; wore matching shirts; chanted; refused to disburse,"on scene; more than two dozen officers detained demonstrators, zip-tying their hands behind their backs, lifting them to their feet and carrying them up the escalator",0.0,0.0,98.0,0.0,1,0,0,0,0.0,0.0,building security officers turned up the music in the lobby and stopped more people from joining the group,CS; SH,www.kron4.com,www.nytimes.com,www.instagram.com,www.instagram.com,,,,,,,,,,,,,,,,,,,,,,,,,,,175.0,against us support for israel; for palestinian liberation; against the detention and deportation of mahmoud khalil; against president trump; for democracy,against support for israel for palestinian liberation against detention deportation mahmoud khalil against trump for democracy,Against,0,2,1,3,True,True,False,True,True,True,True,True
2025-03-29,Meridian,ID,Meridian,ID,Ada County,16001.0,43.612109,-116.391513,2554 N. Franklin Rd.,Treasure Valley Day of Protest Event,Protest,,,,tesla; elon musk,against musk; against trump; against doge; for democracy; for boycotting tesla; for reduction in tesla stock value,elon harms vets; boycott elon musk; tesla funds fascism; usa flag; not paid to protest,democracy; war and peace; presidency,democracy; war and peace; patriotism,democracy;patriotism;presidency;war and peace,1.0,1.0,20250329-meridian-tesla,0,approximately 30,30.0,30.0,30.0,1,,,0.0,0.0,1.0,0.0,1,0,0,0,0.0,0.0,police reported that one protester made an obscene gesture toward a counter-protester before hitting him with his car; protester was charged with Aggravated Battery,EF; JP; SH,actionnetwork.org,bsky.app,,,,,,,,,,,,,,,,,,,,,,,,,,,,,30.0,against musk; against trump; against doge; for democracy; for boycotting tesla; for reduction in tesla stock value,against musk against trump against doge for democracy for boycott tesla for reduction tesla stock value,Against,0,3,0,3,True,True,False,True,True,True,True,True
2025-03-29,Watertown,MA,Watertown,MA,Middlesex County,25017.0,42.3709299,-71.1828321,457 Pleasant Street,"TESLA TAKEDOWN - WATERTOWN,MA",Protest,,,,tesla; elon musk,against musk; against trump; against doge; for democracy; for boycotting tesla; for reduction in tesla stock value,"turd reich [images of trump, musk, and vance in nazi uniforms]; no kkk! no fascists usa!; dump tesla / unplug elon; musk is the immigrant taking your jobs; down with the traitor; stop this bully billionaire from destroying jobs, our country and world",democracy; war and peace; presidency,democracy; economy; immigration; war and peace; presidency; racism,democracy;economy;immigration;presidency;racism;war and peace,1.0,1.0,,0,count video; roughly 100,12.0,100.0,56.0,1,demonstrated along street with signs; chanted,on scene,2.0,0.0,0.0,0.0,0,1,0,0,0.0,0.0,"two protesters were struck by the side mirror of a pickup truck, no serious injuries were reported, and both victims refused medical treatment at the scene",EF; SH;CS; BO,actionnetwork.org,www.facebook.com,www.bostonglobe.com,www.boston.com,krdo.com,www.masslive.com,www.youtube.com,www.bostonherald.com,,,,,,,,,,,,,,,,,,,,,,,56.0,against musk; against trump; against doge; for democracy; for boycotting tesla; for reduction in tesla stock value,against musk against trump against doge for democracy for boycott tesla for reduction tesla stock value,Against,0,3,0,3,False,True,True,True,False,True,True,True
2025-04-05,Lafayette,IN,Lafayette,IN,Tippecanoe County,18157.0,40.416702,-86.875287,"Tippecanoe County Courthouse, 20 N 3rd St",,counter-protest,,,,anti-trump protesters,against anti-trump protesters,[image of president trump's face];,war and peace; presidency,war and peace; presidency,presidency;war and peace,2.0,1.0,,0,,3.0,4.0,4.0,1,confronted protesters physically; escalated such that man was headbutted and then retrieved gun from his vehicle and brandished it at protesters,detained armed counter-protesters before determining he had not committed a crime and releasing him,1.0,0.0,0.0,0.0,0,1,0,0,0.0,0.0,"The counter-protesters may not have been on scene to confront protesters. No count of protesters was praovided, but several individuals or small groups were filmed or described",CS,www.youtube.com,www.jconline.com,,,,,,,,,,,,,,,,,,,,,,,,,,,,,4.0,against anti-trump protesters,against anti-trump protester,Against,0,0,0,2,False,True,True,True,False,True,True,True
2025-04-05,Vancouver,WA,Vancouver,WA,Clark County,53011.0,45.6280277,-122.673865,"Esther Short Park and Playground, 605 Esther St",Hands Off! Vancouver Fights Back,demonstration,"50501 clark county, wa; indivisible greater vancouver; moveon clark county; league of united latin american citizens (lulac); pasitos gigantes",,"Greg Kimsey, Clark County County Auditor; Kim Harless, Vancouver City Council member, Poet Laureate; Sharon Wily, State Senator;",president trump; elon musk,"against the attacks on health care, data, jobs, and services; against the destruction of government and the economy for the benefit of trump and his billionaire allies; for stopping the chaos and building an opposition movement against the looting of the country; against president trump; against elon musk","when pete uses the ""f"" word, you know it's bad; i never thought i'd have to march for facts; it's so bad even this white, straight guy is protesting; usa flag [upside down]",economy; healthcare; war and peace; presidency,war and peace; patriotism,economy;healthcare;patriotism;presidency;war and peace,1.0,1.0,,0,"3000; 7000; 10,000",7000.0,10000.0,8500.0,3,demonstrated with signs and flags,,0.0,0.0,0.0,0.0,0,1,1,0,0.0,0.0,,EF; JP; SH; AB; CS,www.mobilize.us,www.dailykos.com,www.columbian.com,www.columbian.com,docs.proton.me,correspondence,,,,,,,,,,,,,,,,,,,,,,,,,8500.0,"against the attacks on health care, data, jobs, and services; against the destruction of government and the economy for the benefit of trump and his billionaire allies; for stopping the chaos and building an opposition movement against the looting of the country; against president trump; against elon musk",against attack health care data job service against destruction government economy for benefit trump billionaire ally for stop chaos build opposition movement against looting country against trump against elon musk,Against,0,1,0,6,True,True,True,True,False,False,True,True
2025-04-15,Acworth,GA,Acworth,GA,Cobb County,13067.0,34.0659329,-84.6768796,Acworth Community Center,,protest,,,,rep. marjorie taylor greene; president trump,against the trump adminstration's policies; against rep. marjorie taylor greene; against corruption,jail 4 inside traders,corruption; legislative; war and peace; presidency,criminal justice; war and peace,corruption;criminal justice;legislative;presidency;war and peace,1.0,1.0,,0,at least 6,6.0,6.0,6.0,1,interrupted Rep. Marjorie Taylor Greene's town hall with shouting; heckling; carried signs,forcibly removed several protesters; used a stun gun on two protesters,0.0,0.0,3.0,0.0,1,0,0,0,0.0,0.0,,SH,www.nytimes.com,www.dailykos.com,www.ajc.com,www.scrippsnews.com,,,,,,,,,,,,,,,,,,,,,,,,,,,6.0,against the trump administration's policies; against rep. marjorie taylor greene; against corruption,against trump policy against rep marjorie taylor greene against corruption,Against,0,1,0,4,True,True,False,True,True,True,True,True
2025-04-19,Glens Falls,NY,Glens Falls,NY,Warren County,36113.0,43.309516,-73.644006,Bay St & Glen St,Day of Action,demonstration,50501 movement,,,president trump,"against the anti-democratic and illegal actions of the trump administration and its plutocratic allies; against the hostile government takeover overseen by the trump administration; for ending the the rampant corruption within the trump administration; for ending cuts in federal funding for medical aid, social security and other key programs that working class depends on; for ending attacks on immigrants, transgenders and other marginalized communities",,corruption; healthcare; immigration; labor and workers rights; lgbtqia; war and peace; presidency,,corruption;healthcare;immigration;labor and workers rights;lgbtqia;presidency;war and peace,1.0,1.0,,0,count pic,50.0,100.0,75.0,1,demonstrated along street with signs and banners; speeches; one man revved a chainsaw and was arrested,on scene,0.0,0.0,1.0,0.0,1,0,0,0,0.0,0.0,,CS; RC,bsky.app,wnyt.com,,,,,,,,,,,,,,,,,,,,,,,,,,,,,75.0,"against the anti-democratic and illegal actions of the trump administration and its plutocratic allies; against the hostile government takeover overseen by the trump administration; for ending the the rampant corruption within the trump administration; for ending cuts in federal funding for medical aid, social security and other key programs that working class depends on; for ending attacks on immigrants, transgenders and other marginalized communities",against anti-democratic illegal action trump plutocratic ally against hostile government takeover oversee trump for end rampant corruption trump for end cut federal funding for medical aid social security key program work class depend for end attack immigrant transgender marginalized community,Against,0,2,0,7,True,True,False,True,True,True,True,True
2025-04-19,Langley,WA,Langley,WA,Island County,53029.0,48.040095,-122.406257,2844 WA-525; Bayview Park & Ride,,demonstration,50501 movement; indivisible,,,president trump,"against the anti-democratic and illegal actions of the trump administration and its plutocratic allies; against the hostile government takeover overseen by the trump administration; for ending the the rampant corruption within the trump administration; for ending cuts in federal funding for medical aid, social security and other key programs that working class depends on; for ending attacks on immigrants, transgenders and other marginalized communities",born to lay in moss / forced to fight fascism,corruption; healthcare; immigration; labor and workers rights; lgbtqia; war and peace; presidency,democracy; war and peace,corruption;democracy;healthcare;immigration;labor and workers rights;lgbtqia;presidency;war and peace,1.0,1.0,,0,count video,50.0,100.0,75.0,1,demonstrated with flags and signs,responded to gunshots fired into the air,0.0,0.0,0.0,0.0,0,1,0,0,0.0,0.0,,EdJ;CS,www.king5.com,www.king5.com,,,,,,,,,,,,,,,,,,,,,,,,,,,,,75.0,"against the anti-democratic and illegal actions of the trump administration and its plutocratic allies; against the hostile government takeover overseen by the trump administration; for ending the the rampant corruption within the trump administration; for ending cuts in federal funding for medical aid, social security and other key programs that working class depends on; for ending attacks on immigrants, transgenders and other marginalized communities",against anti-democratic illegal action trump plutocratic ally against hostile government takeover oversee trump for end rampant corruption trump for end cut federal funding for medical aid social security key program work class depend for end attack immigrant transgender marginalized community,Against,0,2,0,7,True,True,True,True,False,True,True,True
2025-04-21,New York,NY,New York,NY,,36061.0,40.7127753,-74.0059728,Columbia University,,demonstration; civil disobedience,,students; alum,,,for freeing mahmoud khalil and mohsen mahdawi; for protecting international students who speak out and protest; for columbia to become a sanctuary campus; against the trump adminstration's policies; for palestinian liberation,"who has the rights to have rights? -mahmoud khalil; demands 1. free mahmoud and mohsen / 2. disclose / 3. sanctuary campus / 4. open the gates; free all our political prisoners; we want justice, you say how?! free mohsen mahdawi now!",education; foreign affairs; war and peace; presidency,criminal justice; education; war and peace,criminal justice;education;foreign affairs;presidency;war and peace,1.0,1.0,,0,roughly 10,10.0,10.0,10.0,1,chained themselves to Columbia main gates,,0.0,0.0,0.0,0.0,1,0,0,0,0.0,0.0,police said one of those detained was trying to pitch a tent,SH,ny1.com,www.nytimes.com,,,,,,,,,,,,,,,,,,,,,,,,,,,,,10.0,for freeing mahmoud khalil and mohsen mahdawi; for protecting international students who speak out and protest; for columbia to become a sanctuary campus; against the trump administration's policies; for palestinian liberation,for free mahmoud khalil mohsen mahdawi for protect international student speak out protest for columbia sanctuary campus against trump policy for palestinian liberation,Against,0,1,0,1,True,True,False,True,True,True,True,True
2025-05-01,Frederick,MD,Frederick,MD,Frederick County,24021.0,39.414269,-77.410541,200 N Market St,,march; civil disobedience,,,,president trump,against president trump; against police,,war and peace; policing; presidency,,policing;presidency;war and peace,1.0,1.0,,0,various sizes ranging from 10 to 12 people to 10 to 20,10.0,20.0,15.0,1,black bloc; impeded traffic; broke windows,,0.0,2.0,4.0,0.0,1,0,1,1,0.0,0.0,,CS,www.yahoo.com,www.wfmd.com,,,,,,,,,,,,,,,,,,,,,,,,,,,,,15.0,against president trump; against police,against trump against police,Against,0,1,0,2,True,False,False,False,True,False,True,True
2025-05-01,Philadelphia,PA,Philadelphia,PA,Philadelphia County,42101.0,39.9525839,-75.1652215,Philadelphia City Hall,May Day,demonstration; march; civil disobedience,afge local 1793,,Senator Bernie Sanders,president trump; elon musk,"against the trump adminstration's creation of a race to the bottom on wages, benefits, and dignity; for protecting labor rights, unions, and immigrants; for reclaiming power from corporate elites; against president trump, elon musk and their billionaire backers; for housing rights, healthcare, fair wages, union protection, and safety regardless of race, zip code, or immigration status",,economy; healthcare; housing; immigration; labor and workers rights; war and peace; presidency,,economy;healthcare;housing;immigration;labor and workers rights;presidency;war and peace,1.0,1.0,,0,count video,2000.0,4000.0,3000.0,3,speeches; demonstrations; marches,arrested sit-in participants blocking traffic; escorting marchers,0.0,0.0,70.0,0.0,1,0,0,0,0.0,0.0,,CS,www.mobilize.us,6abc.com,,,,,,,,,,,,,,,,,,,,,,,,,,,,,3000.0,"against the trump administration's creation of a race to the bottom on wages, benefits, and dignity; for protecting labor rights, unions, and immigrants; for reclaiming power from corporate elites; against president trump, elon musk and their billionaire backers; for housing rights, healthcare, fair wages, union protection, and safety regardless of race, zip code, or immigration status",against trump creation race bottom wage benefit dignity for protect labor right union immigrant for reclaim power from corporate elite against trump elon musk billionaire backer for housing right healthcare fair wage union protection safety regardless race zip code immigration status,Against,0,2,0,2,True,True,False,True,True,True,True,True
2025-05-07,New York,NY,New York,NY,,36061.0,40.7127753,-74.0059728,110 E 42nd St,MAGA Billionaire Blockade,demonstration; civil disobedience,third act nyc,,,manhattan institute,against the trump administration; against elon musk and his involvement in the tump administration; against billionaires; for taxing the rich;,billionaire tax cuts killed me; deregulation by billionaires killed me; rip / trump helped the rich not me; rip / ectopic miscarriage / no abortion care; rip / ptsd suicide; muck fusk; trump closed my nursing home; plane crash no faa; tax the rich; make billionaires pay; trump did this; died of measles age 3; bled out from miscarriage; died of rare cancer / no nih; send the billionaires to mars; maga = confederate nazis;,economy; war and peace; presidency,economy; healthcare; labor and workers rights; war and peace; presidency; racism; reproductive rights; taxes,economy;healthcare;labor and workers rights;presidency;racism;reproductive rights;taxes;war and peace,1.0,1.0,,0,hundreds,200.0,200.0,200.0,2,die-in outside the Alexander Hamilton Award Dinner; demonstrated with signs; chants; blocked entryway,on scene,0.0,0.0,3.0,0.0,1,0,0,0,0.0,0.0,,ML; CS,nypost.com,www.reuters.com,www.instagram.com,www.amny.com,,,,,,,,,,,,,,,,,,,,,,,,,,,200.0,against the trump administration; against elon musk and his involvement in the tump administration; against billionaires; for taxing the rich;,against trump against elon musk involvement tump administration against billionaire for tax rich,Against,0,1,0,3,True,True,False,True,True,True,True,True
2025-05-12,Newark,NJ,Newark,NJ,Essex County,34013.0,40.735657,-74.1723667,Delany Hall; 451 Doremus Ave,,protest; demonstration; civil disobedience,faith in n.j.; faith in action; congregation beit simchat torah,clergy,Newark Mayor Ras Baraka,ice; president trump,against deportations; for transparency about the identities of detainees and their treatment; against mistreatment of detainees,abolish ice,immigration; war and peace,immigration; war and peace,immigration;war and peace,1.0,1.0,,0,about 50,50.0,50.0,50.0,1,blocked ICE facility gates; trespassed on ICE facility property; sang; human chain,arrested protestors;,0.0,0.0,2.0,0.0,1,0,0,0,0.0,0.0,Newark Mayor Ras Baraka arrested,CS; RC,www.youtube.com,www.foxnews.com,www.instagram.com,www.fox5ny.com,www.foxnews.com,newjersey.news12.com,www.cbsnews.com,,,,,,,,,,,,,,,,,,,,,,,,50.0,against deportations; for transparency about the identities of detainees and their treatment; against mistreatment of detainees,against deportation for transparency identity detainee treatment against mistreatment detainee,Against,0,0,0,2,True,True,False,True,True,True,True,True
2025-05-13,Washington,DC,Washington,DC,District of Columbia,11001.0,38.9071923,-77.0368707,45 Independence Ave SW,,demonstration; civil disobedience,adapt,disabled people,,gop members of congress,against the trump administration's proposed cuts to medicaid and other benefits programs,no cuts to medicaid!,healthcare; labor and workers rights; war and peace; presidency,healthcare; war and peace,healthcare;labor and workers rights;presidency;war and peace,1.0,1.0,,0,about 90,90.0,90.0,90.0,1,disrupted Congressional meeting; chanted,arrested protestors; escorted protestors out of chamber,0.0,0.0,26.0,0.0,1,0,0,0,0.0,0.0,,CS; AB,www.politico.com,docs.google.com,,,,,,,,,,,,,,,,,,,,,,,,,,,,,90.0,against the trump administration's proposed cuts to medicaid and other benefits programs,against trump propose cut medicaid benefit program,Against,0,2,0,1,True,True,False,True,True,True,True,True
